Tiêu đề,Mô tả,Hình ảnh,Nội dung,Link
,,https://image.nhandan.vn/700x394/Uploaded/2025/cuhatguhgenat/2025_05_06/vna-potal-tong-bi-thu-to-lam-du-toa-dam-ban-tron-doanh-nghiep-viet-nam-kazakhstan-8015223-1239-8817.jpg.webp,,https://nhandan.vn/tong-bi-thu-to-lam-du-toa-dam-ban-tron-doanh-nghiep-viet-nam-kazakhstan-post877577.html
[Ảnh] Tổng Bí thư Tô Lâm hội kiến Chủ tịch Thượng viện Kazakhstan,,,,https://nhandan.vn/anh-tong-bi-thu-to-lam-hoi-kien-chu-tich-thuong-vien-kazakhstan-post877464.html
Nâng tầm quan hệ với các nước bạn bè truyền thống trong kỷ nguyên mới,,,,https://nhandan.vn/nang-tam-quan-he-voi-cac-nuoc-ban-be-truyen-thong-trong-ky-nguyen-moi-post877044.html
"Tổng Bí thư Tô Lâm và Phu nhân thăm cấp Nhà nước đến Kazakhstan, Azerbaijan và Belarus, thăm chính thức Liên bang Nga",,,,https://nhandan.vn/tong-bi-thu-to-lam-va-phu-nhan-tham-cap-nha-nuoc-den-kazakhstan-azerbaijan-va-belarus-tham-chinh-thuc-lien-bang-nga-post877238.html
,,https://image.nhandan.vn/350x234/Uploaded/2025/cvjntcwdpcvcwpi/2025_05_06/hien-phap-2013-6258-9643.png.webp,,https://nhandan.vn/ke-hoach-to-chuc-lay-y-kien-nhan-dan-cac-nganh-cac-cap-ve-du-thao-nghi-quyet-sua-doi-bo-sung-mot-so-dieu-cua-hien-phap-nuoc-cong-hoa-xa-hoi-chu-nghia-viet-nam-nam-2013-post877493.html
,,https://image.nhandan.vn/350x234/Uploaded/2025/athlrainagbna/2025_05_06/bgp-7451-7810-376.jpg.webp,,https://nhandan.vn/cong-bo-2-nghi-quyet-cua-quoc-hoi-ve-sua-doi-bo-sung-hien-phap-2013-post877534.html
,,https://image.nhandan.vn/350x234/Uploaded/2025/xqftuftgtmzs/2025_05_06/ndo_br_db-thu-6802-9502-7322-3553.jpg.webp,,https://nhandan.vn/can-thiet-luat-hoa-day-them-hoc-them-post877584.html
,,https://image.nhandan.vn/350x200/Uploaded/2025/igpciwxijntiapc/2025_05_06/z6572809676558-9c8df6aa184e75bd5a2533c069d267ec-621-1256-4420-3847.jpg.webp,,https://nhandan.vn/chu-tich-nuoc-luong-cuong-du-khai-mac-dai-le-phat-dan-lien-hop-quoc-vesak-2025-post877533.html
,,https://image.nhandan.vn/350x200/Uploaded/2025/tmftmztsumzs/2025_05_06/a6-5433-3303-2799-3608.jpg.webp,,https://nhandan.vn/chinh-phu-hop-phien-thuong-ky-thang-42025-thao-luan-nhieu-nhiem-vu-giai-phap-trong-tam-post877502.html
,,https://image.nhandan.vn/350x200/Uploaded/2025/athlrainagbna/2025_05_06/bgp-7490-8351-1441.jpg.webp,,https://nhandan.vn/can-dieu-chinh-quan-ly-chat-luong-san-pham-hang-hoa-theo-muc-do-rui-ro-post877547.html
,,https://image.nhandan.vn/350x200/Uploaded/2025/athlrainagbna/2025_05_06/untitled-1-20250505115034-6672-4641.jpg.webp,,https://nhandan.vn/du-thao-nghi-quyet-sua-doi-bo-sung-mot-so-dieu-cua-hien-phap-nuoc-cong-hoa-xa-hoi-chu-nghia-viet-nam-nam-2013-post877489.html
"Đột phá thể chế, pháp luật để đất nước vươn mình",,"data:image/gif;base64,R0lGODlhAQABAAAAACH5BAEKAAEALAAAAAABAAEAAAICTAEAOw==",,https://nhandan.vn/dot-pha-the-che-phap-luat-de-dat-nuoc-vuon-minh-post877146.html
Phát biểu của Chủ tịch nước Lương Cường tại Hội thảo quốc tế “50 năm thống nhất đất nước: Vai trò kiến tạo hòa bình của ngoại giao trong lịch sử và hiện tại”,,"data:image/gif;base64,R0lGODlhAQABAAAAACH5BAEKAAEALAAAAAABAAEAAAICTAEAOw==",,https://nhandan.vn/phat-bieu-cua-chu-tich-nuoc-luong-cuong-tai-hoi-thao-quoc-te-50-nam-thong-nhat-dat-nuoc-vai-tro-kien-tao-hoa-binh-cua-ngoai-giao-trong-lich-su-va-hien-tai-post874586.html
"Báo cáo của Chính phủ do Thủ tướng Phạm Minh Chính trình bày tại Kỳ họp thứ 9, Quốc hội khóa XV",,"data:image/gif;base64,R0lGODlhAQABAAAAACH5BAEKAAEALAAAAAABAAEAAAICTAEAOw==",,https://nhandan.vn/bao-cao-cua-chinh-phu-do-thu-tuong-pham-minh-chinh-trinh-bay-tai-ky-hop-thu-9-quoc-hoi-khoa-xv-post877282.html
Quốc hội sẽ quyết định nhiều nội dung đặc biệt quan trọng trên tất cả các lĩnh vực,,"data:image/gif;base64,R0lGODlhAQABAAAAACH5BAEKAAEALAAAAAABAAEAAAICTAEAOw==",,https://nhandan.vn/quoc-hoi-se-quyet-dinh-nhieu-noi-dung-dac-biet-quan-trong-tren-tat-ca-cac-linh-vuc-post877276.html
,,"data:image/gif;base64,R0lGODlhAQABAAAAACH5BAEKAAEALAAAAAABAAEAAAICTAEAOw==",,https://nhandan.vn/chu-de/nang-tam-quan-he-voi-cac-nuoc-ban-be-truyen-thong-trong-ky-nguyen-moi-704908.html
,,"data:image/gif;base64,R0lGODlhAQABAAAAACH5BAEKAAEALAAAAAABAAEAAAICTAEAOw==",,https://nhandan.vn/chu-de/trien-lam-tuong-tac-ky-niem-50-nam-ngay-giai-phong-mien-nam-thong-nhat-dat-nuoc-704906.html
,,"data:image/gif;base64,R0lGODlhAQABAAAAACH5BAEKAAEALAAAAAABAAEAAAICTAEAOw==",,https://nhandan.vn/chu-de/sap-xep-lai-don-vi-hanh-chinh-cac-cap-704902.html
,,"data:image/gif;base64,R0lGODlhAQABAAAAACH5BAEKAAEALAAAAAABAAEAAAICTAEAOw==",,https://nhandan.vn/chu-de/phat-trien-kinh-te-tu-nhan-704891.html
,,"data:image/gif;base64,R0lGODlhAQABAAAAACH5BAEKAAEALAAAAAABAAEAAAICTAEAOw==",,https://nhandan.vn/chat-chiu-giot-vang-tu-nui-huong-son-post877507.html
,,"data:image/gif;base64,R0lGODlhAQABAAAAACH5BAEKAAEALAAAAAABAAEAAAICTAEAOw==",,https://nhandan.vn/chat-tru-tinh-trong-tho-thuan-huu-post877196.html
,,"data:image/gif;base64,R0lGODlhAQABAAAAACH5BAEKAAEALAAAAAABAAEAAAICTAEAOw==",,https://nhandan.vn/tam-nhin-thien-tai-ve-tri-thuc-khoa-hoc-tro-thanh-luc-luong-san-xuat-truc-tiep-post877244.html
,,"data:image/gif;base64,R0lGODlhAQABAAAAACH5BAEKAAEALAAAAAABAAEAAAICTAEAOw==",,https://nhandan.vn/nu-cuu-tu-chinh-tri-con-dao-nang-long-voi-dong-doi-post876267.html
,,"data:image/gif;base64,R0lGODlhAQABAAAAACH5BAEKAAEALAAAAAABAAEAAAICTAEAOw==",,https://nhandan.vn/th-true-milk-tu-dong-co-xanh-den-ly-sua-sach-post875959.html
,,"data:image/gif;base64,R0lGODlhAQABAAAAACH5BAEKAAEALAAAAAABAAEAAAICTAEAOw==",,https://nhandan.vn/sang-mai-pham-chat-bo-doi-cu-ho-nguoi-chien-si-hai-quan-post877104.html
,,"data:image/gif;base64,R0lGODlhAQABAAAAACH5BAEKAAEALAAAAAABAAEAAAICTAEAOw==",,https://nhandan.vn/than-toc-giai-phong-quan-dao-truong-sa-va-bai-hoc-van-dung-bao-ve-chu-quyen-bien-dao-hien-nay-post875120.html
,,"data:image/gif;base64,R0lGODlhAQABAAAAACH5BAEKAAEALAAAAAABAAEAAAICTAEAOw==",,https://nhandan.vn/truong-sa-sau-50-nam-ngay-giai-phong-post875723.html
,,"data:image/gif;base64,R0lGODlhAQABAAAAACH5BAEKAAEALAAAAAABAAEAAAICTAEAOw==",,https://nhandan.vn/giai-phong-cac-dao-trong-quan-dao-truong-sa-mot-thang-loi-co-y-nghia-chien-luoc-xuan-1975-post871767.html
,,"data:image/gif;base64,R0lGODlhAQABAAAAACH5BAEKAAEALAAAAAABAAEAAAICTAEAOw==",,https://nhandan.vn/quan-chung-hai-quan-luc-luong-nong-cot-bao-ve-chu-quyen-bien-dao-cua-to-quoc-post850245.html
,,"data:image/gif;base64,R0lGODlhAQABAAAAACH5BAEKAAEALAAAAAABAAEAAAICTAEAOw==",,https://nhandan.vn/nhung-chien-cong-tieu-bieu-cua-hai-quan-viet-nam-post848712.html
,,"data:image/gif;base64,R0lGODlhAQABAAAAACH5BAEKAAEALAAAAAABAAEAAAICTAEAOw==",,https://nhandan.vn/anh-giai-phong-quan-dao-truong-sa-chien-cong-mang-tinh-chien-luoc-trong-giai-phong-mien-nam-thong-nhat-dat-nuoc-post875145.html
,,"data:image/gif;base64,R0lGODlhAQABAAAAACH5BAEKAAEALAAAAAABAAEAAAICTAEAOw==",,https://nhandan.vn/than-toc-giai-phong-quan-dao-truong-sa-va-bai-hoc-van-dung-bao-ve-chu-quyen-bien-dao-hien-nay-post875120.html
,,"data:image/gif;base64,R0lGODlhAQABAAAAACH5BAEKAAEALAAAAAABAAEAAAICTAEAOw==",,https://nhandan.vn/giai-phong-cac-dao-trong-quan-dao-truong-sa-mot-thang-loi-co-y-nghia-chien-luoc-xuan-1975-post871767.html
,,"data:image/gif;base64,R0lGODlhAQABAAAAACH5BAEKAAEALAAAAAABAAEAAAICTAEAOw==",,https://nhandan.vn/video-tang-toc-chien-dich-giai-phong-mien-nam-chuan-bi-danh-chiem-truong-sa-post870149.html
,,"data:image/gif;base64,R0lGODlhAQABAAAAACH5BAEKAAEALAAAAAABAAEAAAICTAEAOw==",,https://nhandan.vn/ngay-441975-quan-uy-trung-uong-chi-thi-gap-rut-giai-phong-truong-sa-post870014.html
,,"data:image/gif;base64,R0lGODlhAQABAAAAACH5BAEKAAEALAAAAAABAAEAAAICTAEAOw==",,https://nhandan.vn/trien-lam-hai-quan-nhan-dan-viet-nam-anh-hung-70-nam-hanh-trinh-giu-bien-post867335.html
,,"data:image/gif;base64,R0lGODlhAQABAAAAACH5BAEKAAEALAAAAAABAAEAAAICTAEAOw==",,https://nhandan.vn/sang-mai-pham-chat-bo-doi-cu-ho-nguoi-chien-si-hai-quan-post877104.html
,,"data:image/gif;base64,R0lGODlhAQABAAAAACH5BAEKAAEALAAAAAABAAEAAAICTAEAOw==",,https://nhandan.vn/lu-doan-189-phat-huy-truyen-thong-39-nam-cua-luc-luong-tau-ngam-hai-quan-quyet-tam-hoan-thanh-xuat-sac-nhiem-vu-duoc-giao-post876865.html
,,"data:image/gif;base64,R0lGODlhAQABAAAAACH5BAEKAAEALAAAAAABAAEAAAICTAEAOw==",,https://nhandan.vn/mot-ngay-voi-chien-si-dac-cong-hai-quan-post876864.html
,,"data:image/gif;base64,R0lGODlhAQABAAAAACH5BAEKAAEALAAAAAABAAEAAAICTAEAOw==",,https://nhandan.vn/luyen-quan-o-don-vi-4-dac-biet-post876863.html
,,"data:image/gif;base64,R0lGODlhAQABAAAAACH5BAEKAAEALAAAAAABAAEAAAICTAEAOw==",,https://nhandan.vn/ung-dung-cong-nghe-moi-nang-cao-nang-luc-sua-chua-tau-post876838.html
,,"data:image/gif;base64,R0lGODlhAQABAAAAACH5BAEKAAEALAAAAAABAAEAAAICTAEAOw==",,https://nhandan.vn/huan-luyen-gioi-ky-luat-nghiem-o-lu-doan-tia-chop-post876839.html
,,"data:image/gif;base64,R0lGODlhAQABAAAAACH5BAEKAAEALAAAAAABAAEAAAICTAEAOw==",,https://nhandan.vn/phat-trien-kinh-te-bien-bao-dam-chu-quyen-bien-quoc-gia-trong-ky-nguyen-vuon-minh-cua-dan-toc-va-vai-tro-cua-hai-quan-nhan-dan-viet-nam-post876734.html
,,"data:image/gif;base64,R0lGODlhAQABAAAAACH5BAEKAAEALAAAAAABAAEAAAICTAEAOw==",,https://nhandan.vn/khu-vuon-dac-biet-o-chua-da-tay-a-post876688.html
,,"data:image/gif;base64,R0lGODlhAQABAAAAACH5BAEKAAEALAAAAAABAAEAAAICTAEAOw==",,https://nhandan.vn/truong-sa-sau-50-nam-ngay-giai-phong-post875723.html
,,"data:image/gif;base64,R0lGODlhAQABAAAAACH5BAEKAAEALAAAAAABAAEAAAICTAEAOw==",,https://nhandan.vn/nhung-buc-tuong-thanh-to-quoc-giua-truong-sa-post875689.html
,,"data:image/gif;base64,R0lGODlhAQABAAAAACH5BAEKAAEALAAAAAABAAEAAAICTAEAOw==",,https://nhandan.vn/chien-si-canh-sat-nhan-dan-den-voi-truong-sa-post873382.html
,,"data:image/gif;base64,R0lGODlhAQABAAAAACH5BAEKAAEALAAAAAABAAEAAAICTAEAOw==",,https://nhandan.vn/huong-ve-truong-sa-bang-nhung-viec-lam-thiet-thuc-nhiet-huyet-post872767.html
,,"data:image/gif;base64,R0lGODlhAQABAAAAACH5BAEKAAEALAAAAAABAAEAAAICTAEAOw==",,https://nhandan.vn/anh-le-don-thu-tuong-nhat-ban-ishiba-shigeru-va-phu-nhan-post875805.html
,,"data:image/gif;base64,R0lGODlhAQABAAAAACH5BAEKAAEALAAAAAABAAEAAAICTAEAOw==",,https://nhandan.vn/du-luan-nhat-ban-danh-gia-cao-chuyen-tham-cua-thu-tuong-ishiba-den-viet-nam-post876102.html
,,"data:image/gif;base64,R0lGODlhAQABAAAAACH5BAEKAAEALAAAAAABAAEAAAICTAEAOw==",,https://nhandan.vn/anh-le-ky-ket-hop-tac-trao-doi-van-kien-giua-viet-nam-va-nhat-ban-post875888.html
,,"data:image/gif;base64,R0lGODlhAQABAAAAACH5BAEKAAEALAAAAAABAAEAAAICTAEAOw==",,https://nhandan.vn/anh-chu-tich-quoc-hoi-tran-thanh-man-hoi-kien-thu-tuong-nhat-ban-ishiba-shigeru-post875972.html
,,"data:image/gif;base64,R0lGODlhAQABAAAAACH5BAEKAAEALAAAAAABAAEAAAICTAEAOw==",,https://nhandan.vn/thong-cao-bao-chi-chung-viet-nam-nhat-ban-post875915.html
,,"data:image/gif;base64,R0lGODlhAQABAAAAACH5BAEKAAEALAAAAAABAAEAAAICTAEAOw==",,https://nhandan.vn/nhat-ban-se-tiep-tuc-dong-hanh-cung-viet-nam-trong-ky-nguyen-moi-post875912.html
,,"data:image/gif;base64,R0lGODlhAQABAAAAACH5BAEKAAEALAAAAAABAAEAAAICTAEAOw==",,https://nhandan.vn/nhat-ban-so-doanh-nghiep-pha-san-tang-ky-luc-do-thieu-hut-lao-dong-post870982.html
,,"data:image/gif;base64,R0lGODlhAQABAAAAACH5BAEKAAEALAAAAAABAAEAAAICTAEAOw==",,https://nhandan.vn/nhat-ban-keu-goi-my-hop-tac-thay-vi-ap-thue-gay-thiet-hai-cho-doanh-nghiep-post870775.html
,,"data:image/gif;base64,R0lGODlhAQABAAAAACH5BAEKAAEALAAAAAABAAEAAAICTAEAOw==",,https://nhandan.vn/chi-so-nikkei-cua-nhat-ban-lao-doc-gan-3000-diem-do-lo-ngai-xung-dot-thuong-mai-toan-cau-post870654.html
,,"data:image/gif;base64,R0lGODlhAQABAAAAACH5BAEKAAEALAAAAAABAAEAAAICTAEAOw==",,https://nhandan.vn/chinh-sach-thue-cua-my-toc-do-tang-truong-kinh-te-cua-nhat-ban-co-the-giam-toi-2-post870180.html
,,"data:image/gif;base64,R0lGODlhAQABAAAAACH5BAEKAAEALAAAAAABAAEAAAICTAEAOw==",,https://nhandan.vn/nhat-ban-khang-dinh-tam-quan-trong-cua-moi-quan-he-voi-han-quoc-post870161.html
,,"data:image/gif;base64,R0lGODlhAQABAAAAACH5BAEKAAEALAAAAAABAAEAAAICTAEAOw==",,https://nhandan.vn/ngan-hang-trung-uong-nhat-ban-giu-nguyen-lai-suat-post866207.html
,,"data:image/gif;base64,R0lGODlhAQABAAAAACH5BAEKAAEALAAAAAABAAEAAAICTAEAOw==",,https://nhandan.vn/du-luan-nhat-ban-danh-gia-cao-chuyen-tham-cua-thu-tuong-ishiba-den-viet-nam-post876102.html
,,"data:image/gif;base64,R0lGODlhAQABAAAAACH5BAEKAAEALAAAAAABAAEAAAICTAEAOw==",,https://nhandan.vn/anh-chu-tich-quoc-hoi-tran-thanh-man-hoi-kien-thu-tuong-nhat-ban-ishiba-shigeru-post875972.html
,,"data:image/gif;base64,R0lGODlhAQABAAAAACH5BAEKAAEALAAAAAABAAEAAAICTAEAOw==",,https://nhandan.vn/thong-cao-bao-chi-chung-viet-nam-nhat-ban-post875915.html
,,"data:image/gif;base64,R0lGODlhAQABAAAAACH5BAEKAAEALAAAAAABAAEAAAICTAEAOw==",,https://nhandan.vn/nhat-ban-se-tiep-tuc-dong-hanh-cung-viet-nam-trong-ky-nguyen-moi-post875912.html
,,"data:image/gif;base64,R0lGODlhAQABAAAAACH5BAEKAAEALAAAAAABAAEAAAICTAEAOw==",,https://nhandan.vn/chu-tich-nuoc-luong-cuong-tiep-thu-tuong-nhat-ban-ishiba-shigeru-post875913.html
,,"data:image/gif;base64,R0lGODlhAQABAAAAACH5BAEKAAEALAAAAAABAAEAAAICTAEAOw==",,https://nhandan.vn/phu-nhan-thu-tuong-viet-nam-va-nhat-ban-tham-lang-van-hoa-du-lich-cac-dan-toc-post875896.html
,,"data:image/gif;base64,R0lGODlhAQABAAAAACH5BAEKAAEALAAAAAABAAEAAAICTAEAOw==",,https://nhandan.vn/thong-tin-co-ban-ve-chdcnd-lao-post705969.html
,,"data:image/gif;base64,R0lGODlhAQABAAAAACH5BAEKAAEALAAAAAABAAEAAAICTAEAOw==",,https://nhandan.vn/to-dam-them-su-gan-ket-tinh-cam-dac-biet-tin-cay-chi-tinh-chi-nghia-post876017.html
,,"data:image/gif;base64,R0lGODlhAQABAAAAACH5BAEKAAEALAAAAAABAAEAAAICTAEAOw==",,https://nhandan.vn/bieu-tuong-sinh-dong-cho-moi-quan-he-dac-biet-viet-nam-lao-post875791.html
,,"data:image/gif;base64,R0lGODlhAQABAAAAACH5BAEKAAEALAAAAAABAAEAAAICTAEAOw==",,https://nhandan.vn/dau-an-moi-cua-tinh-doan-ket-viet-lao-post875764.html
,,"data:image/gif;base64,R0lGODlhAQABAAAAACH5BAEKAAEALAAAAAABAAEAAAICTAEAOw==",,https://nhandan.vn/dai-hoi-dai-bieu-dang-bo-tai-lao-nhiem-ky-2025-2030-post875540.html
,,"data:image/gif;base64,R0lGODlhAQABAAAAACH5BAEKAAEALAAAAAABAAEAAAICTAEAOw==",,https://nhandan.vn/khang-dinh-gia-tri-truong-ton-cua-tinh-doan-ket-viet-nam-lao-post875396.html
,,"data:image/gif;base64,R0lGODlhAQABAAAAACH5BAEKAAEALAAAAAABAAEAAAICTAEAOw==",,https://nhandan.vn/le-ky-niem-50-nam-giai-phong-mien-nam-thong-nhat-dat-nuoc-tai-lao-post874471.html
,,"data:image/gif;base64,R0lGODlhAQABAAAAACH5BAEKAAEALAAAAAABAAEAAAICTAEAOw==",,https://nhandan.vn/lao-dat-muc-tieu-tang-nang-suat-nong-nghiep-trong-nam-2025-post854374.html
,,"data:image/gif;base64,R0lGODlhAQABAAAAACH5BAEKAAEALAAAAAABAAEAAAICTAEAOw==",,https://nhandan.vn/nganh-du-lich-lao-dat-doanh-thu-hon-1-ty-usd-trong-nam-2024-post853092.html
,,"data:image/gif;base64,R0lGODlhAQABAAAAACH5BAEKAAEALAAAAAABAAEAAAICTAEAOw==",,https://nhandan.vn/tuong-niem-104-nam-ngay-sinh-chu-tich-kaysone-phomvihane-post849994.html
,,"data:image/gif;base64,R0lGODlhAQABAAAAACH5BAEKAAEALAAAAAABAAEAAAICTAEAOw==",,https://nhandan.vn/dieu-mua-lam-vong-cua-lao-duoc-unesco-cong-nhan-di-san-van-hoa-phi-vat-the-cua-nhan-loai-post849186.html
,,"data:image/gif;base64,R0lGODlhAQABAAAAACH5BAEKAAEALAAAAAABAAEAAAICTAEAOw==",,https://nhandan.vn/lao-to-chuc-bun-that-luong-nam-2024-voi-quy-mo-lon-post844170.html
,,"data:image/gif;base64,R0lGODlhAQABAAAAACH5BAEKAAEALAAAAAABAAEAAAICTAEAOw==",,https://nhandan.vn/bieu-tuong-sinh-dong-cho-moi-quan-he-dac-biet-viet-nam-lao-post875791.html
,,"data:image/gif;base64,R0lGODlhAQABAAAAACH5BAEKAAEALAAAAAABAAEAAAICTAEAOw==",,https://nhandan.vn/dau-an-moi-cua-tinh-doan-ket-viet-lao-post875764.html
,,"data:image/gif;base64,R0lGODlhAQABAAAAACH5BAEKAAEALAAAAAABAAEAAAICTAEAOw==",,https://nhandan.vn/khang-dinh-gia-tri-truong-ton-cua-tinh-doan-ket-viet-nam-lao-post875396.html
,,"data:image/gif;base64,R0lGODlhAQABAAAAACH5BAEKAAEALAAAAAABAAEAAAICTAEAOw==",,https://nhandan.vn/chu-tich-nuoc-luong-cuong-gap-go-cong-dong-va-doanh-nghiep-viet-nam-tai-lao-post875247.html
,,"data:image/gif;base64,R0lGODlhAQABAAAAACH5BAEKAAEALAAAAAABAAEAAAICTAEAOw==",,https://nhandan.vn/dai-tuong-phan-van-giang-gap-bo-truong-quoc-phong-lao-post875219.html
,,"data:image/gif;base64,R0lGODlhAQABAAAAACH5BAEKAAEALAAAAAABAAEAAAICTAEAOw==",,https://nhandan.vn/chu-tich-nuoc-luong-cuong-gap-cac-nguyen-lanh-dao-cap-cao-lao-post875224.html
,,"data:image/gif;base64,R0lGODlhAQABAAAAACH5BAEKAAEALAAAAAABAAEAAAICTAEAOw==",,https://nhandan.vn/dua-quan-he-viet-nam-trung-quoc-buoc-vao-giai-doan-moi-phat-trien-ruc-ro-hon-nua-post871996.html
,,"data:image/gif;base64,R0lGODlhAQABAAAAACH5BAEKAAEALAAAAAABAAEAAAICTAEAOw==",,https://nhandan.vn/chung-tay-mo-ra-ky-nguyen-phat-trien-moi-cua-quan-he-huu-nghi-viet-nam-trung-quoc-post872178.html
,,"data:image/gif;base64,R0lGODlhAQABAAAAACH5BAEKAAEALAAAAAABAAEAAAICTAEAOw==",,https://nhandan.vn/cung-chung-chi-huong-chung-tay-tien-len-phia-truoc-ke-thua-qua-khu-viet-tiep-trang-moi-tuong-lai-post872168.html
,,"data:image/gif;base64,R0lGODlhAQABAAAAACH5BAEKAAEALAAAAAABAAEAAAICTAEAOw==",,https://nhandan.vn/dong-tam-hiep-luc-thuc-day-tinh-huu-nghi-viet-nam-trung-quoc-post874396.html
,,"data:image/gif;base64,R0lGODlhAQABAAAAACH5BAEKAAEALAAAAAABAAEAAAICTAEAOw==",,https://nhandan.vn/ky-niem-kho-quen-cua-nhan-vien-y-te-trung-quoc-giup-do-viet-nam-trong-khang-chien-chong-my-post874004.html
,,"data:image/gif;base64,R0lGODlhAQABAAAAACH5BAEKAAEALAAAAAABAAEAAAICTAEAOw==",,https://nhandan.vn/vun-dap-tinh-huu-nghi-hop-tac-giua-nhan-dan-hai-nuoc-viet-nam-trung-quoc-post873302.html
,,"data:image/gif;base64,R0lGODlhAQABAAAAACH5BAEKAAEALAAAAAABAAEAAAICTAEAOw==",,https://nhandan.vn/bo-ngoai-giao-trung-quoc-noi-ve-ket-qua-chuyen-tham-cua-tong-bi-thu-chu-tich-nuoc-tap-can-binh-post873020.html
,,"data:image/gif;base64,R0lGODlhAQABAAAAACH5BAEKAAEALAAAAAABAAEAAAICTAEAOw==",,https://nhandan.vn/chuyen-tham-cua-tong-bi-thu-chu-tich-trung-quoc-tap-can-binh-thanh-cong-tot-dep-tren-moi-phuong-dien-post872950.html
,,"data:image/gif;base64,R0lGODlhAQABAAAAACH5BAEKAAEALAAAAAABAAEAAAICTAEAOw==",,https://nhandan.vn/tuyen-bo-chung-viet-nam-trung-quoc-ve-viec-tiep-tuc-lam-sau-sac-quan-he-doi-tac-hop-tac-chien-luoc-toan-dien-thuc-day-xay-dung-cong-dong-chia-se-tuong-lai-viet-nam-trung-quoc-co-y-nghia-chien-luoc-post872639.html
,,"data:image/gif;base64,R0lGODlhAQABAAAAACH5BAEKAAEALAAAAAABAAEAAAICTAEAOw==",,https://nhandan.vn/lanh-dao-dang-nha-nuoc-viet-nam-va-tong-bi-thu-chu-tich-trung-quoc-tap-can-binh-tham-du-gap-go-huu-nghi-nhan-dan-viet-nam-trung-quoc-post872624.html
,,"data:image/gif;base64,R0lGODlhAQABAAAAACH5BAEKAAEALAAAAAABAAEAAAICTAEAOw==",,https://nhandan.vn/bao-chi-trung-quoc-de-cao-quan-he-voi-viet-nam-post872459.html
,,"data:image/gif;base64,R0lGODlhAQABAAAAACH5BAEKAAEALAAAAAABAAEAAAICTAEAOw==",,https://nhandan.vn/thuong-truc-ban-bi-thu-tran-cam-tu-hoi-dam-voi-bi-thu-ban-bi-thu-chanh-van-phong-trung-uong-dang-cong-san-trung-quoc-thai-ky-post872477.html
,,"data:image/gif;base64,R0lGODlhAQABAAAAACH5BAEKAAEALAAAAAABAAEAAAICTAEAOw==",,https://nhandan.vn/dong-tam-hiep-luc-thuc-day-tinh-huu-nghi-viet-nam-trung-quoc-post874396.html
,,"data:image/gif;base64,R0lGODlhAQABAAAAACH5BAEKAAEALAAAAAABAAEAAAICTAEAOw==",,https://nhandan.vn/vun-dap-tinh-huu-nghi-hop-tac-giua-nhan-dan-hai-nuoc-viet-nam-trung-quoc-post873302.html
,,"data:image/gif;base64,R0lGODlhAQABAAAAACH5BAEKAAEALAAAAAABAAEAAAICTAEAOw==",,https://nhandan.vn/bo-truong-phan-van-giang-hoi-dam-voi-bo-truong-quoc-phong-trung-quoc-dong-quan-post873193.html
,,"data:image/gif;base64,R0lGODlhAQABAAAAACH5BAEKAAEALAAAAAABAAEAAAICTAEAOw==",,https://nhandan.vn/bo-truong-quoc-phong-phan-van-giang-don-bo-truong-quoc-phong-trung-quoc-dong-quan-tai-cua-khau-quoc-te-huu-nghi-post873138.html
,,"data:image/gif;base64,R0lGODlhAQABAAAAACH5BAEKAAEALAAAAAABAAEAAAICTAEAOw==",,https://nhandan.vn/bo-ngoai-giao-trung-quoc-noi-ve-ket-qua-chuyen-tham-cua-tong-bi-thu-chu-tich-nuoc-tap-can-binh-post873020.html
,,"data:image/gif;base64,R0lGODlhAQABAAAAACH5BAEKAAEALAAAAAABAAEAAAICTAEAOw==",,https://nhandan.vn/anh-hoc-sinh-viet-nam-va-trung-quoc-cung-ve-non-la-lam-do-gom-su-truyen-thong-post872949.html
,,"data:image/gif;base64,R0lGODlhAQABAAAAACH5BAEKAAEALAAAAAABAAEAAAICTAEAOw==",,https://nhandan.vn/tuyen-bo-chung-viet-nam-trung-quoc-ve-viec-tiep-tuc-lam-sau-sac-quan-he-doi-tac-hop-tac-chien-luoc-toan-dien-thuc-day-xay-dung-cong-dong-chia-se-tuong-lai-viet-nam-trung-quoc-co-y-nghia-chien-luoc-post872639.html
,,"data:image/gif;base64,R0lGODlhAQABAAAAACH5BAEKAAEALAAAAAABAAEAAAICTAEAOw==",,https://nhandan.vn/bo-xay-dung-ky-ket-7-van-kien-quan-trong-ve-duong-sat-va-duong-bo-voi-bo-giao-thong-van-tai-trung-quoc-post872535.html
,,"data:image/gif;base64,R0lGODlhAQABAAAAACH5BAEKAAEALAAAAAABAAEAAAICTAEAOw==",,https://nhandan.vn/anh-thu-tuong-pham-minh-chinh-tiep-chu-tich-tap-doan-may-bay-thuong-mai-trung-quoc-comac-post872281.html
,,"data:image/gif;base64,R0lGODlhAQABAAAAACH5BAEKAAEALAAAAAABAAEAAAICTAEAOw==",,https://nhandan.vn/hung-yen-day-manh-hop-tac-voi-tinh-thiem-tay-trung-quoc-post868556.html
,,"data:image/gif;base64,R0lGODlhAQABAAAAACH5BAEKAAEALAAAAAABAAEAAAICTAEAOw==",,https://nhandan.vn/hung-yen-xuc-tien-dau-tu-tai-tinh-thiem-tay-trung-quoc-post868261.html
,,"data:image/gif;base64,R0lGODlhAQABAAAAACH5BAEKAAEALAAAAAABAAEAAAICTAEAOw==",,https://nhandan.vn/pho-thu-tuong-nguyen-chi-dung-tham-va-lam-viec-tai-tinh-quang-dong-trung-quoc-post866453.html
,,"data:image/gif;base64,R0lGODlhAQABAAAAACH5BAEKAAEALAAAAAABAAEAAAICTAEAOw==",,https://nhandan.vn/dong-chi-khamtai-siphandone-nha-lanh-dao-xuat-sac-cua-lao-nguoi-ban-lon-cua-viet-nam-post869656.html
,,"data:image/gif;base64,R0lGODlhAQABAAAAACH5BAEKAAEALAAAAAABAAEAAAICTAEAOw==",,https://nhandan.vn/tong-bi-thu-chu-tich-trung-quoc-tap-can-binh-se-tham-cap-nha-nuoc-toi-viet-nam-post871573.html
,,"data:image/gif;base64,R0lGODlhAQABAAAAACH5BAEKAAEALAAAAAABAAEAAAICTAEAOw==",,https://nhandan.vn/thu-tuong-pham-minh-chinh-du-le-truy-dieu-dong-chi-khamtay-siphandone-post870711.html
,,"data:image/gif;base64,R0lGODlhAQABAAAAACH5BAEKAAEALAAAAAABAAEAAAICTAEAOw==",,https://nhandan.vn/thu-tuong-pham-minh-chinh-vieng-nguyen-chu-tich-dang-nhan-dan-cach-mang-lao-nguyen-chu-tich-nuoc-lao-khamtay-siphandone-post870695.html
,,"data:image/gif;base64,R0lGODlhAQABAAAAACH5BAEKAAEALAAAAAABAAEAAAICTAEAOw==",,https://nhandan.vn/cac-co-quan-dai-dien-viet-nam-tai-lao-vieng-dong-chi-khamtay-siphandone-post870670.html
,,"data:image/gif;base64,R0lGODlhAQABAAAAACH5BAEKAAEALAAAAAABAAEAAAICTAEAOw==",,https://nhandan.vn/cac-the-he-lanh-dao-cua-lao-ghi-nho-loi-dan-cua-co-chu-tich-khamtay-siphandone-post870465.html
,,"data:image/gif;base64,R0lGODlhAQABAAAAACH5BAEKAAEALAAAAAABAAEAAAICTAEAOw==",,https://nhandan.vn/thu-tuong-pham-minh-chinh-vieng-nguyen-chu-tich-dang-nhan-dan-cach-mang-lao-nguyen-chu-tich-nuoc-lao-khamtay-siphandone-post870695.html
,,"data:image/gif;base64,R0lGODlhAQABAAAAACH5BAEKAAEALAAAAAABAAEAAAICTAEAOw==",,https://nhandan.vn/cac-the-he-lanh-dao-cua-lao-ghi-nho-loi-dan-cua-co-chu-tich-khamtay-siphandone-post870465.html
,,"data:image/gif;base64,R0lGODlhAQABAAAAACH5BAEKAAEALAAAAAABAAEAAAICTAEAOw==",,https://nhandan.vn/thu-tuong-pham-minh-chinh-se-du-le-truy-dieu-dong-chi-khamtay-siphandone-tai-lao-post870455.html
,,"data:image/gif;base64,R0lGODlhAQABAAAAACH5BAEKAAEALAAAAAABAAEAAAICTAEAOw==",,https://nhandan.vn/vi-tuong-gia-hoi-tuong-nhung-ky-niem-gan-bo-voi-dai-tuong-khamtay-siphandone-post870378.html
,,"data:image/gif;base64,R0lGODlhAQABAAAAACH5BAEKAAEALAAAAAABAAEAAAICTAEAOw==",,https://nhandan.vn/anh-ha-noi-treo-co-ru-tuong-nho-dong-chi-khamtay-siphandone-post870322.html
,,"data:image/gif;base64,R0lGODlhAQABAAAAACH5BAEKAAEALAAAAAABAAEAAAICTAEAOw==",,https://nhandan.vn/doan-dai-su-quan-viet-nam-tai-cuba-vieng-va-ghi-so-tang-tuong-nho-dong-chi-khamtay-siphandone-post870295.html
,,"data:image/gif;base64,R0lGODlhAQABAAAAACH5BAEKAAEALAAAAAABAAEAAAICTAEAOw==",,https://nhandan.vn/thu-tuong-pham-minh-chinh-du-le-truy-dieu-dong-chi-khamtay-siphandone-post870711.html
,,"data:image/gif;base64,R0lGODlhAQABAAAAACH5BAEKAAEALAAAAAABAAEAAAICTAEAOw==",,https://nhandan.vn/thu-tuong-pham-minh-chinh-vieng-nguyen-chu-tich-dang-nhan-dan-cach-mang-lao-nguyen-chu-tich-nuoc-lao-khamtay-siphandone-post870695.html
,,"data:image/gif;base64,R0lGODlhAQABAAAAACH5BAEKAAEALAAAAAABAAEAAAICTAEAOw==",,https://nhandan.vn/cac-co-quan-dai-dien-viet-nam-tai-lao-vieng-dong-chi-khamtay-siphandone-post870670.html
,,"data:image/gif;base64,R0lGODlhAQABAAAAACH5BAEKAAEALAAAAAABAAEAAAICTAEAOw==",,https://nhandan.vn/thu-tuong-pham-minh-chinh-se-du-le-truy-dieu-dong-chi-khamtay-siphandone-tai-lao-post870455.html
,,"data:image/gif;base64,R0lGODlhAQABAAAAACH5BAEKAAEALAAAAAABAAEAAAICTAEAOw==",,https://nhandan.vn/doan-bo-ngoai-giao-vieng-ghi-so-tang-tuong-niem-dong-chi-khamtay-siphandone-post870377.html
,,"data:image/gif;base64,R0lGODlhAQABAAAAACH5BAEKAAEALAAAAAABAAEAAAICTAEAOw==",,https://nhandan.vn/dai-tuong-khamtay-siphandone-tam-guong-sang-ve-long-trung-thanh-voi-to-quoc-va-nhan-dan-post870187.html
[Video] Tổng thống Ukraine cảnh báo các lãnh đạo thế giới dự lễ kỷ niệm Ngày Chiến thắng của Nga,,,,https://nhandan.vn/video-tong-thong-ukraine-canh-bao-cac-lanh-dao-the-gioi-du-le-ky-niem-ngay-chien-thang-cua-nga-post877063.html
"Giá vàng ngày 6/5: Vàng nhẫn, vàng miếng đồng loạt tăng mạnh",,,,https://nhandan.vn/gia-vang-ngay-65-vang-nhan-vang-mieng-dong-loat-tang-manh-post877517.html
Giá vàng thế giới giảm tuần thứ 2 liên tiếp,,,,https://nhandan.vn/gia-vang-the-gioi-giam-tuan-thu-2-lien-tiep-post877119.html
Công an tỉnh Trà Vinh bắt tạm giam 2 cha con lừa đảo chiếm đoạt 10 tỷ đồng,,,,https://nhandan.vn/cong-an-tinh-tra-vinh-bat-tam-giam-2-cha-con-lua-dao-chiem-doat-10-ty-dong-post877378.html
[Ảnh] Người Việt Nam tại Nga nồng nhiệt chào đón các quân nhân Việt Nam hợp luyện duyệt binh trên Quảng trường Đỏ,,,,https://nhandan.vn/anh-nguoi-viet-nam-tai-nga-nong-nhiet-chao-don-cac-quan-nhan-viet-nam-hop-luyen-duyet-binh-tren-quang-truong-do-post877069.html
,,"data:image/gif;base64,R0lGODlhAQABAAAAACH5BAEKAAEALAAAAAABAAEAAAICTAEAOw==",,https://nhandan.vn/phat-huy-nguon-luc-tu-nhan-dau-tu-du-an-ppp-giao-thong-post877644.html
,,"data:image/gif;base64,R0lGODlhAQABAAAAACH5BAEKAAEALAAAAAABAAEAAAICTAEAOw==",,https://nhandan.vn/infographic-thuc-day-hop-tac-nhieu-mat-viet-nam-sri-lanka-post877394.html
,,"data:image/gif;base64,R0lGODlhAQABAAAAACH5BAEKAAEALAAAAAABAAEAAAICTAEAOw==",,https://nhandan.vn/tai-ban-an-pham-ve-thoi-nien-thieu-cua-chu-tich-ho-chi-minh-post877617.html
,,"data:image/gif;base64,R0lGODlhAQABAAAAACH5BAEKAAEALAAAAAABAAEAAAICTAEAOw==",,https://nhandan.vn/infographic-phat-trien-quan-he-huu-nghi-truyen-thong-viet-nam-kazakhstan-tren-nhieu-linh-vuc-post877329.html
,,"data:image/gif;base64,R0lGODlhAQABAAAAACH5BAEKAAEALAAAAAABAAEAAAICTAEAOw==",,https://nhandan.vn/kon-tum-gan-17-nghin-ho-dong-bao-dan-toc-thieu-so-vuon-len-thoat-ngheo-ben-vung-post877622.html
,,"data:image/gif;base64,R0lGODlhAQABAAAAACH5BAEKAAEALAAAAAABAAEAAAICTAEAOw==",,https://nhandan.vn/tinh-que-huong-chan-chua-trong-ca-khuc-moi-tinh-dat-phu-sa-post877585.html
,,"data:image/gif;base64,R0lGODlhAQABAAAAACH5BAEKAAEALAAAAAABAAEAAAICTAEAOw==",,https://nhandan.vn/de-nghi-hau-kiem-quang-cao-thuc-pham-thuc-pham-chuc-nang-tren-toan-quoc-post877610.html
,,"data:image/gif;base64,R0lGODlhAQABAAAAACH5BAEKAAEALAAAAAABAAEAAAICTAEAOw==",,https://nhandan.vn/xuat-sieu-518-ty-usd-trong-4-thang-dau-nam-2025-nganh-nong-nghiep-khoi-sac-post877629.html
,,"data:image/gif;base64,R0lGODlhAQABAAAAACH5BAEKAAEALAAAAAABAAEAAAICTAEAOw==",,https://nhandan.vn/anh-thu-tuong-pham-minh-chinh-chu-tri-phien-hop-chinh-phu-thuong-ky-thang-42025-post877559.html
,,"data:image/gif;base64,R0lGODlhAQABAAAAACH5BAEKAAEALAAAAAABAAEAAAICTAEAOw==",,https://nhandan.vn/nhieu-vi-pham-trong-hoat-dong-chung-khoan-chin-cong-ty-tong-cong-ty-bi-phat-hon-37-ty-dong-post877591.html
,,"data:image/gif;base64,R0lGODlhAQABAAAAACH5BAEKAAEALAAAAAABAAEAAAICTAEAOw==",,https://nhandan.vn/hoan-thien-he-thong-phap-luat-dap-ung-muc-tieu-xay-dung-hoan-thien-nha-nuoc-phap-quyen-xa-hoi-chu-nghia-viet-nam-trong-ky-nguyen-vuon-minh-cua-dan-toc-post877589.html
,,"data:image/gif;base64,R0lGODlhAQABAAAAACH5BAEKAAEALAAAAAABAAEAAAICTAEAOw==",,https://nhandan.vn/the-gioi-sac-mau-trong-nghe-thuat-trang-tri-cay-neu-nguoi-co-mien-nui-tra-bong-post877556.html
,,"data:image/gif;base64,R0lGODlhAQABAAAAACH5BAEKAAEALAAAAAABAAEAAAICTAEAOw==",,https://nhandan.vn/du-khach-nuoc-ngoai-viet-thu-cam-on-cong-an-quang-binh-post877599.html
,,"data:image/gif;base64,R0lGODlhAQABAAAAACH5BAEKAAEALAAAAAABAAEAAAICTAEAOw==",,https://nhandan.vn/infographic-20-doanh-nghiep-co-loi-nhuan-truoc-thue-cao-nhat-tren-san-chung-khoan-viet-nam-quy-i2025-post877551.html
,,"data:image/gif;base64,R0lGODlhAQABAAAAACH5BAEKAAEALAAAAAABAAEAAAICTAEAOw==",,https://nhandan.vn/mo-ban-ve-tau-hoa-phuong-do-tuyen-ha-noi-hai-phong-post877575.html
,,"data:image/gif;base64,R0lGODlhAQABAAAAACH5BAEKAAEALAAAAAABAAEAAAICTAEAOw==",,https://nhandan.vn/infographic-dai-le-phat-dan-vesak-lien-hop-quoc-2025-tai-viet-nam-post877579.html
,,"data:image/gif;base64,R0lGODlhAQABAAAAACH5BAEKAAEALAAAAAABAAEAAAICTAEAOw==",,https://nhandan.vn/infographic-nganh-du-lich-don-105-trieu-luot-khach-trong-5-ngay-nghi-le-tang-312-post877333.html
,,"data:image/gif;base64,R0lGODlhAQABAAAAACH5BAEKAAEALAAAAAABAAEAAAICTAEAOw==",,https://nhandan.vn/infographic-nhung-noi-dung-chinh-cua-ky-hop-thu-9-quoc-hoi-khoa-xv-post877272.html
Quảng Bình ưu tiên nguồn lực đầu tư hạ tầng vùng đồng bào dân tộc thiểu số,,,,https://nhandan.vn/quang-binh-uu-tien-nguon-luc-dau-tu-ha-tang-vung-dong-bao-dan-toc-thieu-so-post833972.html
"Mô hình hỗ trợ phát triển sản xuất giúp đồng bào dân tộc thiểu số nâng cao thu nhập, cải thiện đời sống",,,,https://nhandan.vn/mo-hinh-ho-tro-phat-trien-san-xuat-giup-dong-bao-dan-toc-thieu-so-nang-cao-thu-nhap-cai-thien-doi-song-post823907.html
Nỗ lực tìm kiếm học sinh rơi xuống sông Krông Nô,,,,https://nhandan.vn/no-luc-tim-kiem-hoc-sinh-roi-xuong-song-krong-no-post823865.html
,,https://image.nhandan.vn/700x394/Uploaded/2025/unvjkbf/2025_05_05/phu-san-kieu-bao-lao-thanh-duy-16-8515-1738.jpg.webp,,https://nhandan.vn/anh-kieu-bao-tai-phap-on-lai-lich-su-qua-phu-san-dac-biet-ky-niem-50-nam-thong-nhat-dat-nuoc-post877397.html
,,https://image.nhandan.vn/700x394/Uploaded/2025/xqftgkzsgkqz/2025_05_05/1-5240-8156.jpg.webp,,https://nhandan.vn/anh-chu-tich-nuoc-luong-cuong-chu-tri-chieu-dai-cap-nha-nuoc-tong-thong-sri-lanka-anura-kumara-dissanayaka-post877399.html
,,https://image.nhandan.vn/700x394/Uploaded/2025/unvjkbf/2025_05_05/phu-san-kieu-bao-lao-thanh-duy-14-134-2836-4427-1949.jpg.webp,,https://nhandan.vn/anh-kieu-bao-tai-phap-va-hanh-trinh-cua-long-yeu-nuoc-post877295.html
,,https://image.nhandan.vn/700x394/Uploaded/2025/edmdhurwq/2025_05_05/z6570983450601-823a90764e1e7188d8fa44c1eb84b676-4252-7109.jpg.webp,,https://nhandan.vn/anh-chu-tich-quoc-hoi-tran-thanh-man-hoi-kien-tong-thong-sri-lanka-anura-kumara-dissanayaka-post877392.html
,,https://image.nhandan.vn/700x394/Uploaded/2025/fdmzftmzttmu/2025_05_05/dsc-9916-3662-6612.jpg.webp,,https://nhandan.vn/anh-thu-tuong-pham-minh-chinh-hoi-kien-tong-thong-sri-lanka-anura-kumara-dissanayaka-post877373.html
,,"data:image/gif;base64,R0lGODlhAQABAAAAACH5BAEKAAEALAAAAAABAAEAAAICTAEAOw==",,https://nhandan.vn/video-ky-hop-thu-9-quoc-hoi-khoa-xv-thao-luan-4-du-an-luat-post877542.html
,,"data:image/gif;base64,R0lGODlhAQABAAAAACH5BAEKAAEALAAAAAABAAEAAAICTAEAOw==",,https://nhandan.vn/video-khai-mac-dai-le-phat-dan-lien-hop-quoc-vesak-2025-post877540.html
,,"data:image/gif;base64,R0lGODlhAQABAAAAACH5BAEKAAEALAAAAAABAAEAAAICTAEAOw==",,https://nhandan.vn/video-du-bao-thoi-tiet-trua-ngay-652025-nang-nong-dien-rong-post877457.html
,,"data:image/gif;base64,R0lGODlhAQABAAAAACH5BAEKAAEALAAAAAABAAEAAAICTAEAOw==",,https://nhandan.vn/video-ho-chi-minh-hanh-trinh-tim-duong-cuu-nuoc-va-gia-tri-con-mai-voi-thoi-gian-post877339.html
,,"data:image/gif;base64,R0lGODlhAQABAAAAACH5BAEKAAEALAAAAAABAAEAAAICTAEAOw==",,https://nhandan.vn/video-ha-noi-dung-dau-giam-xa-phuong-sau-sap-nhap-post877424.html
,,"data:image/gif;base64,R0lGODlhAQABAAAAACH5BAEKAAEALAAAAAABAAEAAAICTAEAOw==",,https://nhandan.vn/ban-tin-thoi-su-sang-ngay-652025-hom-nay-bat-dau-to-chuc-lay-y-kien-nhan-dan-ve-viec-sua-doi-bo-sung-mot-so-dieu-cua-hien-phap-nam-2013-post877455.html
,,"data:image/gif;base64,R0lGODlhAQABAAAAACH5BAEKAAEALAAAAAABAAEAAAICTAEAOw==",,https://nhandan.vn/truyen-ngan-ga-cuoi-post877311.html
,,"data:image/gif;base64,R0lGODlhAQABAAAAACH5BAEKAAEALAAAAAABAAEAAAICTAEAOw==",,https://nhandan.vn/ban-tin-thoi-su-sang-ngay-552025-rut-ngan-nhiem-ky-quoc-hoi-khoa-xv-de-som-kien-toan-to-chuc-bo-may-va-nhan-su-cac-co-quan-dang-nha-nuoc-post877252.html
,,"data:image/gif;base64,R0lGODlhAQABAAAAACH5BAEKAAEALAAAAAABAAEAAAICTAEAOw==",,https://nhandan.vn/ban-tin-thoi-su-sang-ngay-452025-tong-bi-thu-to-lam-chu-tri-cuoc-hop-cho-y-kien-ve-tien-do-sap-xep-to-chuc-bo-may-post877053.html
,,"data:image/gif;base64,R0lGODlhAQABAAAAACH5BAEKAAEALAAAAAABAAEAAAICTAEAOw==",,https://nhandan.vn/ban-tin-thoi-su-sang-ngay-352025-my-tuyen-bo-tu-bo-vai-tro-trung-gian-trong-dam-phan-nga-ukraine-post876934.html
,,"data:image/gif;base64,R0lGODlhAQABAAAAACH5BAEKAAEALAAAAAABAAEAAAICTAEAOw==",,https://nhandan.vn/truyen-ngan-vao-mot-doi-song-khac-post876873.html
,,"data:image/gif;base64,R0lGODlhAQABAAAAACH5BAEKAAEALAAAAAABAAEAAAICTAEAOw==",,https://nhandan.vn/truyen-ngan-mien-gio-post875877.html
,,"data:image/gif;base64,R0lGODlhAQABAAAAACH5BAEKAAEALAAAAAABAAEAAAICTAEAOw==",,https://nhandan.vn/truyen-ngan-con-me-hon-post875171.html
,,"data:image/gif;base64,R0lGODlhAQABAAAAACH5BAEKAAEALAAAAAABAAEAAAICTAEAOw==",,https://nhandan.vn/truyen-ngan-nhu-xuan-tim-xu-post874048.html
,,"data:image/gif;base64,R0lGODlhAQABAAAAACH5BAEKAAEALAAAAAABAAEAAAICTAEAOw==",,https://nhandan.vn/truyen-ngan-nhung-con-song-vo-hinh-post873464.html
,,"data:image/gif;base64,R0lGODlhAQABAAAAACH5BAEKAAEALAAAAAABAAEAAAICTAEAOw==",,https://nhandan.vn/ban-tin-thoi-su-sang-252025-tong-bi-thu-to-lam-lam-truong-ban-chi-dao-trung-uong-ve-hoan-thien-the-che-phap-luat-post876788.html
,,"data:image/gif;base64,R0lGODlhAQABAAAAACH5BAEKAAEALAAAAAABAAEAAAICTAEAOw==",,https://nhandan.vn/ban-tin-thoi-su-sang-152025-luong-khach-du-lich-toi-cac-diem-van-hoa-lich-su-tang-cao-post876640.html
,,"data:image/gif;base64,R0lGODlhAQABAAAAACH5BAEKAAEALAAAAAABAAEAAAICTAEAOw==",,https://nhandan.vn/ban-tin-thoi-su-sang-3042025-hom-nay-se-dien-ra-nhieu-hoat-dong-chao-mung-ky-niem-50-nam-ngay-giai-phong-mien-nam-thong-nhat-dat-nuoc-post876381.html
,,"data:image/gif;base64,R0lGODlhAQABAAAAACH5BAEKAAEALAAAAAABAAEAAAICTAEAOw==",,https://nhandan.vn/ban-tin-thoi-su-sang-2942025-quoc-hoi-se-quyet-nghi-sua-doi-bo-sung-hien-phap-vao-ngay-55-post876106.html
,,"data:image/gif;base64,R0lGODlhAQABAAAAACH5BAEKAAEALAAAAAABAAEAAAICTAEAOw==",,https://nhandan.vn/ban-tin-thoi-su-sang-2842025-iran-bac-bo-su-lien-quan-den-nhien-lieu-ten-lua-trong-vu-no-tai-cang-shahid-rajaee-post875727.html
,,"data:image/gif;base64,R0lGODlhAQABAAAAACH5BAEKAAEALAAAAAABAAEAAAICTAEAOw==",,https://nhandan.vn/tieu-diem-cach-yeu-rung-cua-dong-bao-co-tu-o-quang-nam-post773272.html
,,"data:image/gif;base64,R0lGODlhAQABAAAAACH5BAEKAAEALAAAAAABAAEAAAICTAEAOw==",,https://nhandan.vn/my-cam-moi-cho-van-hoa-lang-post773271.html
,,"data:image/gif;base64,R0lGODlhAQABAAAAACH5BAEKAAEALAAAAAABAAEAAAICTAEAOw==",,https://nhandan.vn/lap-nghiep-o-que-ngay-khi-con-tre-post773270.html
,,"data:image/gif;base64,R0lGODlhAQABAAAAACH5BAEKAAEALAAAAAABAAEAAAICTAEAOw==",,https://nhandan.vn/ong-nong-thon-moi-o-glar-post773269.html
,,"data:image/gif;base64,R0lGODlhAQABAAAAACH5BAEKAAEALAAAAAABAAEAAAICTAEAOw==",,https://nhandan.vn/nang-luong-chua-lanh-duoi-tan-xanh-post773268.html
,,"data:image/gif;base64,R0lGODlhAQABAAAAACH5BAEKAAEALAAAAAABAAEAAAICTAEAOw==",,https://nhandan.vn/video-de-xuat-thu-tuong-quyet-dinh-chu-truong-dau-tu-nha-may-dien-hat-nhan-post877430.html
Đồng hành vun đắp khối đại đoàn kết toàn dân tộc,,,,https://nhandan.vn/dong-hanh-vun-dap-khoi-dai-doan-ket-toan-dan-toc-post877479.html
"Ý kiến cử tri bên lề Kỳ họp thứ 9, Quốc hội khóa XV",,,,https://nhandan.vn/y-kien-cu-tri-ben-le-ky-hop-thu-9-quoc-hoi-khoa-xv-post877476.html
,,"data:image/gif;base64,R0lGODlhAQABAAAAACH5BAEKAAEALAAAAAABAAEAAAICTAEAOw==",,https://nhandan.vn/vietinbank-chuyen-doi-so-de-vuon-minh-trong-ky-nguyen-moi-post877641.html
Vietnam Airlines “tung” gần 9 triệu chỗ phục vụ cao điểm hè,,,,https://nhandan.vn/vietnam-airlines-tung-gan-9-trieu-cho-phuc-vu-cao-diem-he-post877600.html
Tiếp tục miễn thuế sử dụng đất nông nghiệp: “Đổi thu lấy lợi ích” cho phát triển bền vững,,,,https://nhandan.vn/tiep-tuc-mien-thue-su-dung-dat-nong-nghiep-doi-thu-lay-loi-ich-cho-phat-trien-ben-vung-post877576.html
,,"data:image/gif;base64,R0lGODlhAQABAAAAACH5BAEKAAEALAAAAAABAAEAAAICTAEAOw==",,https://nhandan.vn/nghe-si-viet-check-in-expo-2025-lan-toa-ban-sac-van-hoa-dan-toc-post877550.html
"Hồi ký “Gia đình, bạn bè và đất nước” ăn khách và bị làm giả",,,,https://nhandan.vn/hoi-ky-gia-dinh-ban-be-va-dat-nuoc-an-khach-va-bi-lam-gia-post877558.html
"Bất ngờ với vở kịch rối “Hồn Trương Ba, da hàng thịt”",,,,https://nhandan.vn/bat-ngo-voi-vo-kich-roi-hon-truong-ba-da-hang-thit-post877531.html
,,"data:image/gif;base64,R0lGODlhAQABAAAAACH5BAEKAAEALAAAAAABAAEAAAICTAEAOw==",,https://nhandan.vn/hanh-trinh-nhan-dao-lan-toa-yeu-thuong-huy-dong-55-ty-dong-post877611.html
"Liên tiếp xảy ra tai nạn đuối nước thương tâm, Chủ tịch Ủy ban nhân dân tỉnh Nghệ An ban hành công điện",,,,https://nhandan.vn/lien-tiep-xay-ra-tai-nan-duoi-nuoc-thuong-tam-chu-tich-uy-ban-nhan-dan-tinh-nghe-an-ban-hanh-cong-dien-post877573.html
"Cuộc thi viết ""Vượt lên số phận"" lần thứ 8 có 12 giải chính và 4 giải phụ",,,,https://nhandan.vn/cuoc-thi-viet-vuot-len-so-phan-lan-thu-8-co-12-giai-chinh-va-4-giai-phu-post877566.html
,,"data:image/gif;base64,R0lGODlhAQABAAAAACH5BAEKAAEALAAAAAABAAEAAAICTAEAOw==",,https://nhandan.vn/dien-bien-phat-dong-phong-trao-binh-dan-hoc-vu-so-post877549.html
10 thí sinh đạt điểm cao nhất thi Đánh giá tư duy đợt 3 của Đại học Bách khoa Hà Nội,,,,https://nhandan.vn/10-thi-sinh-dat-diem-cao-nhat-thi-danh-gia-tu-duy-dot-3-cua-dai-hoc-bach-khoa-ha-noi-post877557.html
Trường học không rác thải - Vì tương lai xanh không lãng phí thực phẩm,,,,https://nhandan.vn/truong-hoc-khong-rac-thai-vi-tuong-lai-xanh-khong-lang-phi-thuc-pham-post877539.html
,,"data:image/gif;base64,R0lGODlhAQABAAAAACH5BAEKAAEALAAAAAABAAEAAAICTAEAOw==",,https://nhandan.vn/kham-sang-loc-mien-phi-cho-tre-mac-benh-l-y-gu-veo-cot-song-post877582.html
"Tăng cường quản lý an toàn thực phẩm, ngăn ngừa thực phẩm giả",,,,https://nhandan.vn/tang-cuong-quan-ly-an-toan-thuc-pham-ngan-ngua-thuc-pham-gia-post877554.html
Những tín hiệu tích cực từ việc thử nghiệm thuốc tiềm năng chữa ung thư tại Việt Nam,,,,https://nhandan.vn/nhung-tin-hieu-tich-cuc-tu-viec-thu-nghiem-thuoc-tiem-nang-chua-ung-thu-tai-viet-nam-post877521.html
,,"data:image/gif;base64,R0lGODlhAQABAAAAACH5BAEKAAEALAAAAAABAAEAAAICTAEAOw==",,https://nhandan.vn/video-lau-nam-goc-tinh-gian-20-sy-quan-cap-cao-post877564.html
[Video] Cảng Hodeidah rực lửa: Israel phối hợp Mỹ không kích lực lượng Houthi,,,,https://nhandan.vn/video-cang-hodeidah-ruc-lua-israel-phoi-hop-my-khong-kich-luc-luong-houthi-post877560.html
[Video] Rome bước vào thời khắc trọng đại: 133 hồng y chuẩn bị mật nghị chọn Giáo hoàng,,,,https://nhandan.vn/video-rome-buoc-vao-thoi-khac-trong-dai-133-hong-y-chuan-bi-mat-nghi-chon-giao-hoang-post877565.html
,,"data:image/gif;base64,R0lGODlhAQABAAAAACH5BAEKAAEALAAAAAABAAEAAAICTAEAOw==",,https://nhandan.vn/anh-ron-rang-man-thai-muon-sac-mau-thap-sang-mat-bien-xanh-post877574.html
Hội chợ Du lịch Quốc tế Lào Cai tổ chức vào đầu tháng 6/2025,,,,https://nhandan.vn/hoi-cho-du-lich-quoc-te-lao-cai-to-chuc-vao-dau-thang-62025-post877553.html
Nhật Bản: Đắm chìm trong thiên đường hoa tử đằng tại Tochigi,,,,https://nhandan.vn/nhat-ban-dam-chim-trong-thien-duong-hoa-tu-dang-tai-tochigi-post877345.html
,,"data:image/gif;base64,R0lGODlhAQABAAAAACH5BAEKAAEALAAAAAABAAEAAAICTAEAOw==",,https://nhandan.vn/nha-vo-dich-snooker-the-gioi-dau-tien-cua-trung-quoc-post877570.html
"Trent Alexander-Arnold chia tay Liverpool, chuẩn bị khoác áo Real Madrid",,,,https://nhandan.vn/trent-alexander-arnold-chia-tay-liverpool-chuan-bi-khoac-ao-real-madrid-post877405.html
Futsal nữ Việt Nam sẵn sàng cho trận ra quân tại Giải châu Á 2025,,,,https://nhandan.vn/futsal-nu-viet-nam-san-sang-cho-tran-ra-quan-tai-giai-chau-a-2025-post877368.html
,,"data:image/gif;base64,R0lGODlhAQABAAAAACH5BAEKAAEALAAAAAABAAEAAAICTAEAOw==",,https://nhandan.vn/tao-co-che-linh-hoat-hon-de-khuyen-khich-doi-moi-sang-tao-post877563.html
Hải Phòng đặt mục tiêu kinh tế số chiếm 35% GRDP trong năm 2025,,,,https://nhandan.vn/hai-phong-dat-muc-tieu-kinh-te-so-chiem-35-grdp-trong-nam-2025-post877505.html
Người trẻ tôn vinh lịch sử qua lăng kính sáng tạo,,,,https://nhandan.vn/nguoi-tre-ton-vinh-lich-su-qua-lang-kinh-sang-tao-post877319.html
,,"data:image/gif;base64,R0lGODlhAQABAAAAACH5BAEKAAEALAAAAAABAAEAAAICTAEAOw==",,https://nhandan.vn/dieu-tra-vu-viec-gan-1000-buong-chuoi-bi-pha-hoai-truoc-ngay-thu-hoach-post877587.html
Bắc Kạn khởi tố hai lãnh đạo xã về tội thiếu trách nhiệm gây hậu quả nghiêm trọng,,,,https://nhandan.vn/bac-kan-khoi-to-hai-lanh-dao-xa-ve-toi-thieu-trach-nhiem-gay-hau-qua-nghiem-trong-post877580.html
Bắt tạm giam hai đối tượng cướp tiệm vàng,,,,https://nhandan.vn/bat-tam-giam-hai-doi-tuong-cuop-tiem-vang-post877544.html
,,"data:image/gif;base64,R0lGODlhAQABAAAAACH5BAEKAAEALAAAAAABAAEAAAICTAEAOw==",,https://nhandan.vn/son-la-hoa-binh-nghe-an-nang-nong-gay-gat-nhieu-noi-tren-38-do-c-post877535.html
Gian nan cuộc chiến bảo vệ tê giác tại Nam Phi,,,,https://nhandan.vn/gian-nan-cuoc-chien-bao-ve-te-giac-tai-nam-phi-post877487.html
"Thời tiết ngày 6/5: Nắng nóng gia tăng ở Bắc Bộ và Trung Bộ, nhiều nơi trên 38 độ C",,,,https://nhandan.vn/thoi-tiet-ngay-65-nang-nong-gia-tang-o-bac-bo-va-trung-bo-nhieu-noi-tren-38-do-c-post877482.html
,,"data:image/gif;base64,R0lGODlhAQABAAAAACH5BAEKAAEALAAAAAABAAEAAAICTAEAOw==",,https://nhandan.vn/nen-tang-phap-ly-cho-su-phat-trien-post877068.html
Cảnh báo hành vi che giấu tội phạm,,,,https://nhandan.vn/canh-bao-hanh-vi-che-giau-toi-pham-post876815.html
Kết quả Cuộc thi “Vì nụ cười trẻ em” tuần thứ 9,,,,https://nhandan.vn/ket-qua-cuoc-thi-vi-nu-cuoi-tre-em-tuan-thu-9-post875988.html
,,"data:image/gif;base64,R0lGODlhAQABAAAAACH5BAEKAAEALAAAAAABAAEAAAICTAEAOw==",,https://nhandan.vn/khoi-dong-chuong-trinh-cham-soc-suc-khoe-viet-lan-thu-5-nam-2025-post877498.html
Giải ngân online của VietinBank đạt giải thưởng Sao Khuê năm 2025,,,,https://nhandan.vn/giai-ngan-online-cua-vietinbank-dat-giai-thuong-sao-khue-nam-2025-post877382.html
Mục lục Tạp chí Lý luận chính trị - số 566 (4/2025),,,,https://nhandan.vn/muc-luc-tap-chi-ly-luan-chinh-tri-so-566-42025-post877380.html
,,"data:image/gif;base64,R0lGODlhAQABAAAAACH5BAEKAAEALAAAAAABAAEAAAICTAEAOw==",,https://nhandan.vn/500-dai-bieu-chinh-thuc-du-dai-hoi-chau-ngoan-bac-ho-toan-quoc-lan-thu-x-post877561.html
"Mở rộng không gian, đáp ứng yêu cầu phát triển",,,,https://nhandan.vn/mo-rong-khong-gian-dap-ung-yeu-cau-phat-trien-post877413.html
Sắp xếp bộ máy tinh gọn để phục vụ nhân dân tốt hơn,,,,https://nhandan.vn/sap-xep-bo-may-tinh-gon-de-phuc-vu-nhan-dan-tot-hon-post877411.html
,,"data:image/gif;base64,R0lGODlhAQABAAAAACH5BAEKAAEALAAAAAABAAEAAAICTAEAOw==",,https://nhandan.vn/dinh-hinh-khong-gian-dia-ly-trung-tam-tai-chinh-quoc-te-post877420.html
Hào khí kỷ nguyên vươn mình,,,,https://nhandan.vn/hao-khi-ky-nguyen-vuon-minh-post877422.html
Đẩy mạnh đầu tư cho du lịch,,,,https://nhandan.vn/day-manh-dau-tu-cho-du-lich-post877418.html
,,"data:image/gif;base64,R0lGODlhAQABAAAAACH5BAEKAAEALAAAAAABAAEAAAICTAEAOw==",,https://nhandan.vn/no-luc-binh-on-thi-truong-xang-dau-post704481.html
,,"data:image/gif;base64,R0lGODlhAQABAAAAACH5BAEKAAEALAAAAAABAAEAAAICTAEAOw==",,https://nhandan.vn/phat-bieu-tai-nghi-truong-quyen-trach-nhiem-post701982.html
,,"data:image/gif;base64,R0lGODlhAQABAAAAACH5BAEKAAEALAAAAAABAAEAAAICTAEAOw==",,https://nhandan.vn/be-phong-cho-bong-ban-dinh-cao-post704386.html
,,"data:image/gif;base64,R0lGODlhAQABAAAAACH5BAEKAAEALAAAAAABAAEAAAICTAEAOw==",,https://nhandan.vn/tinh-toan-bien-phap-giam-thue-post704482.html
,,"data:image/gif;base64,R0lGODlhAQABAAAAACH5BAEKAAEALAAAAAABAAEAAAICTAEAOw==",,https://nhandan.vn/phan-loai-rac-tai-nguon-post702655.html
,,"data:image/gif;base64,R0lGODlhAQABAAAAACH5BAEKAAEALAAAAAABAAEAAAICTAEAOw==",,https://nhandan.vn/mau-hinh-xa-hoi-hoa-chuyen-nghiep-hoa-post704383.html
